case	B	M	N	K	dtype	tx1	tx2	med_ms	iters
c00	1	1	1	32	1	0	0	0.053432	20
c01	2	64	64	128	1	0	0	0.050482	20
c02	2	64	64	128	1	0	1	0.049942	20
c03	2	64	64	128	1	1	0	0.050362	20
c04	2	64	64	128	1	1	1	0.050282	20
c05	1	17	13	32	1	0	0	0.050422	20
c06	4	129	257	64	2	1	0	0.075393	20
c07	64	32	64	32	1	0	0	0.066042	20
c08	1	2048	2048	2048	1	0	0	2.65111	20
c09	1	100	50	1024	2	0	1	0.060392	20
c10	8	256	128	512	1	1	1	0.066473	20
c11	1	4096	4096	32	1	0	0	1.46688	20
c12	1	4096	64	4096	1	1	0	0.696819	20
c13	2	1024	1024	1024	1	0	0	0.707848	20
c14	4	1024	512	512	1	1	1	0.214339	20
p00	1	8192	8192	8192	1	0	0	184.802	3
p01	1	8192	8192	8192	2	1	1	266.953	3
p02	64	1024	1024	1024	1	0	0	2.97846	20
p03	2	4096	4096	8192	1	0	0	86.0997	4
p04	1	8192	8192	32	1	1	0	6.47496	20
p05	4	2048	2048	2048	2	0	0	5.09247	20
dbg2	1	100	300	32	1	0	0	0.060852	20
dbg3	1	64	384	32	1	0	0	0.051542	20
dbg4	1	128	384	32	1	0	0	0.053092	20
dbg5	1	128	384	2048	1	0	0	0.120765	20
